,mean,median,knn,svd,mice,spectral,matrix,gmm,gain*,grape*,dini
mse,0.042437061705682955,0.042793670532192754,0.05443067082495535,0.09387374532082154,0.0420246864480624,0.1577654285878278,0.05224602971303133,0.05084874873579762,0.04689386951998979,0.08235474,0.04496747118564549
mae,0.17054227021732768,0.17001224155782385,0.11785486089195404,0.24080489484115003,0.16932160349690215,0.324020354387376,0.1850630554095603,0.16591745830127705,0.17569456307422876,0.2185829,0.16600122074113877
