,mean,median,knn,svd,mice,spectral,matrix,gmm,gain*,grape*,dini
mse,0.046057182248076846,0.057875244029139086,0.05237002448935905,0.08596781897149125,0.04513810314874865,0.17055399174031763,0.055057996072975006,0.12444139117732231,0.05207221006704369,0.08180138,0.05521816370145256
mae,0.1745642758889478,0.16900300073802677,0.1245745108123332,0.23625338402505186,0.17286365645125187,0.3282461507044117,0.1903358308099971,0.25540935303190765,0.1819419853423676,0.21797098,0.186784690466413
