,mean,median,knn,svd,mice,spectral,matrix,gmm,gain*,grape*,dini
mse,0.04439593643799198,0.048097441618695086,0.04934011383454394,0.07761044097681191,0.04412277073024189,0.13745929532824525,0.052684303293227784,0.1156148965462111,0.04442707214863997,0.08235784,0.054593177144994794
mae,0.1719101969244099,0.1509286078137387,0.1200353171343392,0.2216663896051508,0.1707041950705889,0.2821532870171736,0.18767767539060312,0.23760131101705945,0.15860735142343627,0.21860807,0.1887982977393638
