,mean,median,knn,svd,mice,spectral,matrix,gmm,gain*,grape*,dini
mse,0.062010929574639835,0.08614015846202266,0.11411943250767323,0.0808300383754168,0.057917059541610715,0.2096154146029648,0.06454234469712959,0.1328888285168832,0.08262678346807538,0.119052015,0.06484550478913213
mae,0.19656051262002938,0.18924804328023698,0.2152243841355576,0.20839993560201236,0.18918073212307834,0.3842458139696752,0.19544374601211909,0.25656963793645227,0.1845730056474524,0.28882042,0.19458634926694796
