,mean,median,knn,svd,mice,spectral,matrix,gmm,gain*,grape*,dini
mse,0.05661590410992583,0.07771476378914091,0.08031869922226609,0.0744043395318895,0.054030259547905336,0.20464574508981076,0.05724373120893518,0.12921284883194062,0.07922813669800816,0.11905385,0.06655071924144039
mae,0.18642973754304296,0.18125517483086076,0.17029584954739183,0.19340689894362567,0.1812605784171323,0.38133016315778734,0.18606262992657577,0.2561891734639463,0.18427564457903686,0.28882268,0.19576101909560842
