,mean,median,knn,svd,mice,spectral,matrix,gmm,gain*,grape*,dini
mse,0.11968057031674834,0.18560462100919758,0.10180630807074091,0.1368865429273721,0.0640078494812374,0.34648396325761216,0.13622915019064674,0.16248634202801376,0.16471504718507313,0.12908252,0.0689873971138689
mae,0.30393303976530195,0.31068973308193126,0.17712381474360772,0.29320594076715956,0.201602455531492,0.4770336482581213,0.3090941094566861,0.26481286097096396,0.28564988632322347,0.3046437,0.2062065824514784
