,mean,median,knn,svd,mice,spectral,matrix,gmm,gain*,grape*,dini
mse,0.12300312833219125,0.23180813206462045,0.09428627454889532,0.14960587781209028,0.06962417338280985,0.29406898417164945,0.13304785532596486,0.13847889781173336,0.15567499267637122,0.12926245,0.06265872679642057
mae,0.3003452671615479,0.35685526335349343,0.18391881740638216,0.3079461543083032,0.20962035418150907,0.42912297576868996,0.3113210764635979,0.24310872476183745,0.2763558411676882,0.30474415,0.18916528960573317
