,mean,median,knn,svd,mice,spectral,matrix,gmm,gain*,grape*,dini
mse,0.157549648887114,0.27504248955343774,0.18121440515716422,0.16738666676648334,0.10337378913472357,0.3267332627125014,0.159700240493181,0.16347369422967317,0.14280571423262775,0.12921588,0.06375999243999084
mae,0.35969457566083235,0.4234991711922884,0.2760566430993929,0.3378582554746651,0.27412204889416986,0.43248492843093683,0.3434153124482964,0.24544540232678996,0.23863419098540323,0.30472657,0.19973040635484124
