,mean,median,knn,svd,mice,spectral,matrix,gmm,gain*,grape*,dini
mse,0.12848178336033636,0.17437790097997513,0.1443003080493306,0.16479020470325811,0.09438509563875193,0.40485791169793295,0.14207905798536435,0.17315139838156052,0.17938303779001893,0.12929346,0.08222489468538387
mae,0.3180886348178441,0.32914906586619797,0.22929326928373167,0.3237374984905926,0.2567085204984368,0.5237004751761312,0.326910826882144,0.2687774620002565,0.28111012452799905,0.30484653,0.22945545163800724
