,mean,median,knn,svd,mice,spectral,matrix,gmm,gain*,grape*,dini
mse,0.038430888895045444,0.03996944249750385,0.05376416189855061,0.05088724129873751,0.03710890282802538,0.19369640729341664,0.044632538120359465,0.12470023936531935,0.05626899974228857,0.048709866,0.04312864544281025
mae,0.12895306797988365,0.12292386078107242,0.13229775197364935,0.15164054165313579,0.1268522206181123,0.3452815296514993,0.1469107744848243,0.24879651412103307,0.15234866095916244,0.15394765,0.13527787093449065
