,mean,median,knn,svd,mice,spectral,matrix,gmm,gain*,grape*,dini
mse,0.040383229464595265,0.0426450078025083,0.04918116723710022,0.04259532314629594,0.03551155577205781,0.18468166984287482,0.04956233915705531,0.09977031801073104,0.057874237044972555,0.04960744,0.034768052032046
mae,0.13409006741778834,0.1287520245025769,0.11906920953201656,0.12902699304074258,0.12245154002636201,0.3253844335070045,0.14420748763576943,0.204293114412585,0.1374559913006686,0.15933186,0.12102230921142966
