,mean,median,knn,svd,mice,spectral,matrix,gmm,gain*,grape*,dini
mse,0.11816145175592115,0.10980027650920536,0.05240955282649235,0.05626026749222606,0.08814997352696767,0.10465475363569336,0.07600349484899639,0.10437175907656726,0.09121017646080962,0.13331245,0.0751964836382697
mae,0.28275442886370433,0.15851565879533497,0.11861861977248374,0.13233743880367793,0.23081271336269665,0.15668829302929835,0.2148317204164449,0.1559605125866612,0.14049760919944868,0.2824295,0.13090440457841898
