,mean,median,knn,svd,mice,spectral,matrix,gmm,gain*,grape*,dini
mse,0.11081495469396394,0.15688519316866925,0.08717629478089642,0.0685547170426112,0.08680875363791993,0.1634015002153851,0.08862366783398123,0.1289774336319964,0.15072551913604015,0.13331243,0.0771850916289038
mae,0.26381319887158555,0.21625692945913783,0.17082429634553967,0.1504385233260211,0.22899441500438128,0.23050751671310216,0.22988186369915814,0.19514915002143643,0.21553378238480303,0.2824296,0.16538869835875072
