,mean,median,knn,svd,mice,spectral,matrix,gmm,gain*,grape*,dini
mse,0.10878810343793086,0.15890083630568494,0.10827912831055639,0.093746144661118,0.08859164442481943,0.15671528049238231,0.0834321339465786,0.15368992367951784,0.13735111262241673,0.1333125,0.06045078443890907
mae,0.26192270515301885,0.2039028276640763,0.18876941622858362,0.1718129038670531,0.22446094667511046,0.2122497795822422,0.2035791810775993,0.21432317989718544,0.18916759904947286,0.28243,0.1436503833703408
