,mean,median,knn,svd,mice,spectral,matrix,gmm,gain*,grape*,dini
mse,0.1122889345842060,0.1609989037096530,0.10851398418990700,0.09059474697787740,0.10842781655099800,0.17165625119985100,0.10607791324267600,0.148393735838794,0.13526288904648000,0.13331243,0.11772259740299300
mae,0.26636799828916800,0.2185546774987720,0.1882586914670160,0.16869668392962900,0.2602158347599320,0.2358904208277230,0.23128740141055400,0.213854358759428,0.198718912832143,0.2824296,0.20528815317898300