,mean,median,knn,svd,mice,spectral,matrix,gmm,gain*,grape*,dini
mse,0.11253680022082935,0.1455276030218396,0.04379222013668921,0.04143650598408877,0.10106011135011267,0.15661011370831074,0.09175752379882492,0.0780453406970399,0.13271597940670757,0.13331245,0.03972016136415296
mae,0.261558635578153,0.19758909873555042,0.11844863789448946,0.11826466234689832,0.23880517498668913,0.2188867112702265,0.23043138881834968,0.1453841299103577,0.19234794540725167,0.2824295,0.10817927792200932
