,mean,median,knn,svd,mice,spectral,matrix,gmm,gain*,grape*,dini
mse,0.10418687284221743,0.14758515294871813,0.10085655737219011,0.075334636684867,0.08145342983282429,0.1528571125657807,0.07438583804534381,0.13313673519704858,0.127538405785274,0.13331248,0.05423219811431268
mae,0.2557294253034735,0.20665942824004438,0.18856315748510563,0.15614416489496938,0.22007466842875076,0.22236722027121025,0.19840912720683318,0.19854666328763895,0.19381101900280884,0.28242975,0.1338653141655316
