,mean,median,knn,svd,mice,spectral,matrix,gmm,gain*,grape*,dini
mse,0.11208025094850521,0.15920421990481357,0.09904665543534234,0.0828781652539714,0.10262409065072815,0.16755957980274824,0.09399983049197094,0.1383937358387944,0.13408289926834654,0.13331245,0.08593032811315533
mae,0.268733293380291,0.21520772327710014,0.1768810800637177,0.16131495452751768,0.2545954806764402,0.2316767801269538,0.24127370448147709,0.20385435875942812,0.19665902089446785,0.2824295,0.17019208080817383
