,mean,median,knn,svd,mice,spectral,matrix,gmm,gain*,grape*,dini
mse,0.17344417360962597,0.27033871467728765,0.07242094947307631,0.05735075236463575,0.11888774527522099,0.26488527919240196,0.11653697642834064,0.13479019543375742,0.14266096414823326,0.13331257,0.12027028990508608
mae,0.3338683765592662,0.371636593755041,0.16935739374002273,0.1802228566202541,0.2744486614838293,0.3752338011755372,0.275740701336403,0.24245413346741382,0.24754658874434435,0.28243023,0.2407875753728033
