,mean,median,knn,svd,mice,spectral,matrix,gmm,gain*,grape*,dini
mse,0.05734097761723368,0.06807643737005727,0.04467523686857391,0.12623777818779183,0.057751669631629234,0.2049244638349206,0.06584702293965715,0.08558964943917893,0.0620306029886585,0.08234471,0.06315233030693998
mae,0.1859774546873868,0.18242731836951415,0.10972802455488301,0.25640731323092586,0.1862739420422208,0.364954917769557,0.19107495891458118,0.21731704606408542,0.18631761260748003,0.21861228,0.19629490494278107
