,mean,median,knn,svd,mice,spectral,matrix,gmm,gain*,grape*,dini
mse,0.03368002842030198,0.04726648595208582,0.07543374088959354,0.06469107290631715,0.03242092182232044,0.1945541709792358,0.03308650864263148,0.08993643066459135,0.033800261376225056,0.11908506,0.03472609497194795
mae,0.1372695242573089,0.14282243411443757,0.19723733503721042,0.172381517883639,0.13516466789161133,0.39382911159045875,0.13473537294085855,0.22321427395610155,0.14095237994937876,0.28889441,0.1493794871783931
