,mean,median,knn,svd,mice,spectral,matrix,gmm,gain*,grape*,dini
mse,0.03379332252654498,0.03390042605083167,0.026775351356794767,0.030566660863194855,0.030207449233862704,0.15762689111750425,0.027827022994548572,0.10093873645742872,0.02442410990382348,0.11905555,0.06124088428324803
mae,0.14066447880469887,0.13884123029080767,0.11656605348001757,0.14117180506145144,0.135746754120405,0.35555599123309056,0.12810225793456945,0.2416256582676908,0.11402255826091381,0.2888229,0.1978329898717087
