,mean,median,knn,svd,mice,spectral,matrix,gmm,gain*,grape*,dini
mse,0.03978385092837865,0.0401548719854636,0.04055984234660877,0.05109168183180991,0.029995082869687655,0.32946900773160553,0.2730965417180682,0.14162308982001617,0.07207940728679428,0.14073212,0.02514980323236963
mae,0.14697306771415047,0.12670763881501593,0.1038859837429955,0.15471779823609882,0.12125603590197524,0.517720675161843,0.4633262763925683,0.30524033901725695,0.18393013162718935,0.27473712,0.10571655663732288
