,mean,median,knn,svd,mice,spectral,matrix,gmm,gain*,grape*,dini
mse,0.03667132158033281,0.035179024515535416,0.029380935911851914,0.04898438447782519,0.018588876101333255,0.35262743083957404,0.03954712237600772,0.10823397720569744,0.05092833506054555,0.14073212,0.013642299615346734
mae,0.14399610981993297,0.11620934637685672,0.07842509213941125,0.14610222937663103,0.10261487397838603,0.5254042790746017,0.1520069599453791,0.24405818212842736,0.18987878470185143,0.27473712,0.08479680951793106
