,mean,median,knn,svd,mice,spectral,matrix,gmm,gain*,grape*,dini
mse,0.030926315258640622,0.03373468531461599,0.04525659413533743,0.040789929561908314,0.03130807193913452,0.2546439134630187,0.035564046618910064,0.16096245335908055,0.08579048225699511,0.14073233,0.011180999040071402
mae,0.12405955360194655,0.11725937798968057,0.1315865710866941,0.15524724176277488,0.12236131111033521,0.4661053154316567,0.13723069011851738,0.34790711520873785,0.22399007927480344,0.27473706,0.06907909459311226
