,mean,median,knn,svd,mice,spectral,matrix,gmm,gain*,grape*,dini
mse,0.13428245110108358,0.2056173074475335,0.24552515364041308,0.20903938236779873,0.08901460720959951,0.3934532406527036,0.1464590088046195,0.2732114579001186,0.2889751998542444,0.12908445,0.07944778126818257
mae,0.3222906255335924,0.33200495730745483,0.34243934248557806,0.3816303820081443,0.2423872545956583,0.5103415489544291,0.32735960516121343,0.3825692037663699,0.39878156667671383,0.30464414,0.2357622555726626
