,mean,median,knn,svd,mice,spectral,matrix,gmm,gain*,grape*,dini
mse,0.0787260295225259,0.08362824366854028,0.0818247441978467,0.07623578039521926,0.07337498896726108,0.3767812361127378,0.0787102744685807,0.17160690381197685,0.11016807486581107,0.048671708,0.06603345877505289
mae,0.19691379545575116,0.18761535397383788,0.15892650008461698,0.18478972090058216,0.1870654817571075,0.4828179818086584,0.2027206187002664,0.2762656975757003,0.2090817248618036,0.15432435,0.17541380412439483
