,mean,median,knn,svd,mice,spectral,matrix,gmm,gain*,grape*,dini
mse,0.03831315541258489,0.039668863135771684,0.04990394629691706,0.045142765694496025,0.037399347920942426,0.17582390306185777,0.04125297931455157,0.10512614341405122,0.05129052809662657,0.049464367,0.03470465055274283
mae,0.1285692084359565,0.12167519776773777,0.1171516334224831,0.13114935746917533,0.12609366142574205,0.31684808430381933,0.138007922455748,0.20847822498189894,0.12902283915478185,0.15859586,0.11876738122936989
