,mean,median,knn,svd,mice,spectral,matrix,gmm,gain*,grape*,dini
mse,0.13613363727758884,0.13313562654355832,0.13824666518522258,0.15733323660410956,0.13223397471004,0.4962986114726217,0.12018914579908188,0.3684552532069416,0.4837118443423745,0.12782748,0.12640706776815713
mae,0.3014215301191682,0.2885880364070278,0.2998045061828638,0.3195683080182677,0.29505121628187636,0.6414525655407839,0.2875780387239878,0.47748430318816243,0.6218066206117581,0.28906044,0.28641761238184316
