,mean,median,knn,svd,mice,spectral,matrix,gmm,gain*,grape*,dini
mse,0.08453445177510484,0.08347596337514245,0.0877467499786698,0.09964882602873401,0.0729637623624526,0.3706307182487695,0.4104274836658393,0.15175829855473208,0.28749252796684066,0.189149,0.07714689674850926
mae,0.20619691170884508,0.1954543727409125,0.22222699401138196,0.24383171469417572,0.2005135959037839,0.5460223935972384,0.5768799224751187,0.23970434746390926,0.4539448923978653,0.3553672,0.1950832354515781
