,mean,median,knn,svd,mice,spectral,matrix,gmm,gain*,grape*,dini
mse,0.10492633310998445,0.10985057523348297,0.13064213742148947,0.12883432458074442,0.0904248662743207,0.2202334907594473,0.11760204667838804,0.10490024958759564,0.40570098781800873,0.12782748,0.08757830482407526
mae,0.25091026759733653,0.24583547822109716,0.27776237516905766,0.2832576189808667,0.24250604273711293,0.3518955707562531,0.26931412486822126,0.19997053386122363,0.5600064636650983,0.28906044,0.2177162716702448
