,mean,median,knn,svd,mice,spectral,matrix,gmm,gain*,grape*,dini
mse,0.07337317971428778,0.07290617973763494,0.09573237469285283,0.08581922875926047,0.07022974276823715,0.23799739670269707,0.08450869121129458,0.14846246968537194,0.2692527544862514,0.12782748,0.06308201380639876
mae,0.20277661869494795,0.18840473872226562,0.23645234089578485,0.2276425134491579,0.2020051411409102,0.3952089335850929,0.23042457613381898,0.2494302154362169,0.4444364914243635,0.28906044,0.17369611282177524
