,mean,median,knn,svd,mice,spectral,matrix,gmm,gain*,grape*,dini
mse,0.12455265845312453,0.12512446410010386,0.2944454026765799,0.2944454026765799,0.1278918466197587,0.2944454026765799,0.10819189781471827,0.1547366174066816,0.5153400078867681,0.12782748,0.10504602128299231
mae,0.2884053743398239,0.2789272308076264,0.4242775806870294,0.4242775806870294,0.2928960182386243,0.4242775806870294,0.2828055435394635,0.26374351232199744,0.6451724728528755,0.28906044,0.26858822211900896
