,mean,median,knn,svd,mice,spectral,matrix,gmm,gain*,grape*,dini
mse,0.06247836240130129,0.05431624207674969,0.09002888941968117,0.13195355502554848,0.06160643380938072,0.22597751890037748,0.07549882901259172,0.09305286287987029,0.06128268570978482,0.08235059,0.0736986164424943
mae,0.208771705233579,0.1653318182839254,0.16010520786155666,0.28782391591787976,0.20745047819128282,0.3566598896081605,0.2221835015751468,0.21922761204098215,0.19379322567956037,0.21861331,0.21915312021273078
