,mean,median,knn,svd,mice,spectral,matrix,gmm,gain*,grape*,dini
mse,0.1120211998932332,0.19242678824795556,0.10913436901200259,0.09474934511398848,0.10404977945012629,0.40179566619276613,0.10446661304943294,0.2186207583108554,0.18830501056089455,0.119070075,0.09856553573358343
mae,0.28024674153461515,0.3264108622960518,0.20617298625817806,0.24317164437899486,0.2670725758394417,0.5657517510955197,0.26515574732082886,0.35228180530159614,0.312065706488159,0.28886598,0.24721454765041626
