,mean,median,knn,svd,mice,spectral,matrix,gmm,gain*,grape*,dini
mse,0.057068823281658874,0.06024722657087363,0.0511128547820852,0.07669157972008005,0.022871397750481238,0.07835760260374913,0.03279309288177231,0.201829390956661,0.05197019263599849,0.074290484,0.022154292922427175
mae,0.171910058013846,0.1434474402992658,0.10747349064510901,0.1863130964544861,0.0897423992744136,0.1729728910679647,0.11784709930907167,0.3469197564402043,0.12247829053143927,0.15592498,0.0815976178526271
