,mean,median,knn,svd,mice,spectral,matrix,gmm,gain*,grape*,dini
mse,0.05343813532944838,0.058338898021486556,0.03729454825875648,0.05738217933861493,0.04113826138945917,0.3236084690745065,0.05692198086802137,0.14469057446255437,0.12698577772223157,0.14073218,0.02851067380787377
mae,0.1651649201034947,0.15023296680555823,0.099458907143044,0.16461337230197898,0.14380108398556282,0.5042357052824511,0.17435868868863225,0.29727812305604706,0.25419162268813483,0.27473718,0.11375119294377851
