,mean,median,knn,svd,mice,spectral,matrix,gmm,gain*,grape*,dini
mse,0.11938726988352448,0.1335918779114898,0.0392875406897675,0.07825421917234966,0.042983805352834394,0.08956248089142371,0.08593704535953098,0.09933221087089575,0.113220972193503,0.074921764,0.04388690731957752
mae,0.27106713563528073,0.26412257104012704,0.10582030580044868,0.21621274737098733,0.14464310433961297,0.20606626973925268,0.2176539436647519,0.2320931034058115,0.2084418245659024,0.15861602,0.14260153803364461
