,mean,median,knn,svd,mice,spectral,matrix,gmm,gain*,grape*,dini
mse,0.034345866298361796,0.031808987915020535,0.04118333115118683,0.053904199625091805,0.02244643873729591,0.051926889751338676,0.03244909309925957,0.15001973461794157,0.0618633108725733,0.07538022,0.0210658938049184
mae,0.13630232588920438,0.11214915564040007,0.10612241327007836,0.1586128394593278,0.09512989466673677,0.14190163719673415,0.12100536873979743,0.3181029138532186,0.1440884308261103,0.15862972,0.08759394002914961
