,mean,median,knn,svd,mice,spectral,matrix,gmm,gain*,grape*,dini
mse,0.05103730777670998,0.056375288768811996,0.03686489080823679,0.054947732499831675,0.027074912449995516,0.053959960452194464,0.03557893096301464,0.12899332895338625,0.08135998403763409,0.075561315,0.03244761261855583
mae,0.15869502866796079,0.14292772908091383,0.10095058936143286,0.1607408588654115,0.10322025991184082,0.1437452493594393,0.12808485400472466,0.28582490920065323,0.17685190104917808,0.1604995,0.11803654184402562
