,mean,median,knn,svd,mice,spectral,matrix,gmm,gain*,grape*,dini
mse,0.031977149838770265,0.032260365780914985,0.04064987040632958,0.04811348301846642,0.028066092070378877,0.0536793054139271,0.037663600080121325,0.19702286303913885,0.18730900938781647,0.074992165,0.01700894858747011
mae,0.1266887487104304,0.11500824900916223,0.12004129129927893,0.15889536472250423,0.10937945563442439,0.1776669689114805,0.13418513985395036,0.3842018847977689,0.3371603871063393,0.15700616,0.08208361767746387
