,mean,median,knn,svd,mice,spectral,matrix,gmm,gain*,grape*,dini
mse,0.08433025432275372,0.08550791021521659,0.05904159829921957,0.10371598236638908,0.065587795984798,0.4076508805623346,0.09470712576553081,0.10303450481426692,0.1292617733148392,0.14073218,0.04483180688146374
mae,0.23442353771235766,0.1996054975266019,0.12932563078170584,0.23523520240457257,0.19459685389977086,0.542847353744761,0.2437382067785146,0.2113805877816825,0.28137116398369,0.27473715,0.15928175769673356
