,mean,median,knn,svd,mice,spectral,matrix,gmm,gain*,grape*,dini
mse,0.034365544465051696,0.03607645788323002,0.0390724421183439,0.02534773471230364,0.029880590623477157,0.1885257617920223,0.03296487049629509,0.07317070982610076,0.04642236952853452,0.048681546,0.025803014929370562
mae,0.11331862001182084,0.1047405777711682,0.08856720049187733,0.09396285427000658,0.10226457791475563,0.31658027635792335,0.11225039526135393,0.1677548320709161,0.12683685167625924,0.15423185,0.09647836002585473
